pred,mean_return,median_return,std_return,avg_time_drawdown,sharpe,max_drawdown,cluster_size,silhouette_score,dataset,model,n_clusters,preprocessing
0,0.0003962285903139338,0.0004294551919953709,0.003369469831889699,26.167852311797525,0.7577964156906805,0.08060241608021386,1323,0.7947964470046174,train,KMeansTrainer,2,just_filter
1,6.768046882893114e-05,0.00013558700000423614,0.013243703992760137,258.60063284518526,-0.01592816547137452,0.5983543171717453,615,0.7947964470046174,train,KMeansTrainer,2,just_filter
0,0.0003983706933030476,0.0003788568063676153,0.005539151869709086,30.710044187961127,0.5176361572445679,0.11101625651623472,1528,0.7144331918196041,test,KMeansTrainer,2,just_filter
1,-0.00027034712149332077,-0.0003760393889280157,0.012362444552053965,169.0599870074406,-0.019383566823896324,0.3917411366201363,174,0.7144331918196041,test,KMeansTrainer,2,just_filter
0,0.00019603104774750297,0.0006170698313694287,0.008309728618359716,11.049391719262667,0.34607119758782307,0.06595675468534862,1529,,validation,KMeansTrainer,2,just_filter
0,1.440924056953061e-05,6.221056946606008e-05,0.013464500374853356,249.9385572666534,-0.022501476786789834,0.6359398698077372,569,0.4246734840338739,train,KMeansTrainer,2,scalling
1,0.0004073302084960293,0.0004500784587189867,0.0036094856317355705,37.578099871125836,0.7345304430135561,0.08237773236971789,1369,0.4246734840338739,train,KMeansTrainer,2,scalling
0,-6.147989353989945e-05,-0.0002051958068991154,0.011141743906868158,107.82158976944628,-0.001921634371712456,0.32022953434175894,466,0.3614267142008247,test,KMeansTrainer,2,scalling
1,0.00047760489532104535,0.0004927860780511564,0.004387408372469507,21.113692901243773,0.6379213505336244,0.07165763327301837,1236,0.3614267142008247,test,KMeansTrainer,2,scalling
0,-0.00441771817509458,-0.0002459737635481512,0.030214055627991798,33.77664251225915,-0.047993402019323436,0.22666985918205418,182,0.688330932749873,validation,KMeansTrainer,2,scalling
1,0.000819418099386151,0.0007336800275646771,0.005350123929604675,7.97859762547992,0.399315263755975,0.04424199223664751,1347,0.688330932749873,validation,KMeansTrainer,2,scalling
0,0.0003962285903139338,0.0004294551919953709,0.003369469831889699,26.167852311797525,0.7577964156906805,0.08060241608021386,1323,0.7947964470046166,train,KMeansTrainer,2,PCA
1,6.768046882893114e-05,0.00013558700000423614,0.013243703992760137,258.60063284518526,-0.01592816547137452,0.5983543171717453,615,0.7947964470046166,train,KMeansTrainer,2,PCA
0,0.0003983706933030476,0.0003788568063676153,0.005539151869709086,30.710044187961127,0.5176361572445679,0.11101625651623472,1528,0.7144331918196044,test,KMeansTrainer,2,PCA
1,-0.00027034712149332077,-0.0003760393889280157,0.012362444552053965,169.0599870074406,-0.019383566823896324,0.3917411366201363,174,0.7144331918196044,test,KMeansTrainer,2,PCA
0,0.00019603104774750297,0.0006170698313694287,0.008309728618359716,11.049391719262667,0.34607119758782307,0.06595675468534862,1529,,validation,KMeansTrainer,2,PCA
0,1.440924056953061e-05,6.221056946606008e-05,0.013464500374853356,249.9385572666534,-0.022501476786789834,0.6359398698077372,569,0.4246734840338739,train,KMeansTrainer,2,PCA_scalling
1,0.0004073302084960293,0.0004500784587189867,0.0036094856317355705,37.578099871125836,0.7345304430135561,0.08237773236971789,1369,0.4246734840338739,train,KMeansTrainer,2,PCA_scalling
0,-6.147989353989945e-05,-0.0002051958068991154,0.011141743906868158,107.82158976944628,-0.001921634371712456,0.32022953434175894,466,0.3614267142008247,test,KMeansTrainer,2,PCA_scalling
1,0.00047760489532104535,0.0004927860780511564,0.004387408372469507,21.113692901243773,0.6379213505336244,0.07165763327301837,1236,0.3614267142008247,test,KMeansTrainer,2,PCA_scalling
0,-0.00441771817509458,-0.0002459737635481512,0.030214055627991798,33.77664251225915,-0.047993402019323436,0.22666985918205418,182,0.6883309327498728,validation,KMeansTrainer,2,PCA_scalling
1,0.000819418099386151,0.0007336800275646771,0.005350123929604675,7.97859762547992,0.399315263755975,0.04424199223664751,1347,0.6883309327498728,validation,KMeansTrainer,2,PCA_scalling
0,0.00040761236749427716,0.0004419312539382792,0.0024100471651296983,14.204003838839945,0.8686675069565374,0.044509803888324456,1144,0.7415347080050128,train,KMeansTrainer,3,just_filter
1,2.4090254294803457e-05,0.00012761913270143178,0.013384926625208652,280.5103618992189,-0.025628894158742383,0.6176646895003028,479,0.7415347080050128,train,KMeansTrainer,3,just_filter
2,0.00027932105744274025,0.0002693850950574722,0.010902262643664243,136.65274306964542,0.03583951916709139,0.4058549194154222,315,0.7415347080050128,train,KMeansTrainer,3,just_filter
0,0.0004457582542832616,0.0004251385340870072,0.004905097506918406,21.125604666446357,0.590191556231586,0.08437830358379084,1337,0.7022707759629897,test,KMeansTrainer,3,just_filter
2,-9.399661849178575e-05,-0.00015054211950160854,0.011114449430747844,131.77110087523423,-0.004139186409010327,0.34241645434844387,365,0.7022707759629897,test,KMeansTrainer,3,just_filter
0,0.00019603104774750297,0.0006170698313694287,0.008309728618359716,11.049391719262667,0.34607119758782307,0.06595675468534862,1529,,validation,KMeansTrainer,3,just_filter
0,0.00034691899657045776,0.00041838094781578673,0.005333028243458521,74.27800008702833,0.1652906349023126,0.13644889285667133,973,0.3599803239161289,train,KMeansTrainer,3,scalling
1,-2.195936611401312e-05,3.6807571817318724e-06,0.014087901222614245,259.1281652575515,-0.032018870258423635,0.7019718408632094,461,0.3599803239161289,train,KMeansTrainer,3,scalling
2,0.00047302578855284067,0.0004816939141407582,0.0018236658702921605,3.8271419442207644,1.679963784966385,0.036212520133463384,504,0.3599803239161289,train,KMeansTrainer,3,scalling
0,0.0003644152438176892,0.0003786754628338481,0.00508975601983449,33.654727643728855,0.14637964387735053,0.08715326266359631,1028,0.33597398758780245,test,KMeansTrainer,3,scalling
1,-0.0001330530074992076,-0.00034519942782237846,0.012239378279350038,117.9775881189036,-0.009169102690468183,0.37517157448601246,338,0.33597398758780245,test,KMeansTrainer,3,scalling
2,0.0006905448396350195,0.0007168493371041953,0.003707471315960432,5.559227549275564,1.9053458048982255,0.06367336766149152,336,0.33597398758780245,test,KMeansTrainer,3,scalling
0,0.0005319062134710165,0.00048540821876300294,0.004719286134693637,10.147517349497717,0.2070017404175653,0.04109692127226438,743,0.18160258974219814,validation,KMeansTrainer,3,scalling
1,-0.004975558987813415,-0.00028881925941368617,0.03299430712455051,35.032165618986326,-0.056592695150851316,0.24464951917595132,162,0.18160258974219814,validation,KMeansTrainer,3,scalling
2,0.0011387271016390064,0.0010090227334101966,0.0061763905532330925,5.8969610862179955,0.6161996548012313,0.04916609503541907,624,0.18160258974219814,validation,KMeansTrainer,3,scalling
0,0.00040761236749427716,0.0004419312539382792,0.0024100471651296983,14.204003838839945,0.8686675069565374,0.044509803888324456,1144,0.7415347080050093,train,KMeansTrainer,3,PCA
1,2.4090254294803457e-05,0.00012761913270143178,0.013384926625208652,280.5103618992189,-0.025628894158742383,0.6176646895003028,479,0.7415347080050093,train,KMeansTrainer,3,PCA
2,0.00027932105744274025,0.0002693850950574722,0.010902262643664243,136.65274306964542,0.03583951916709139,0.4058549194154222,315,0.7415347080050093,train,KMeansTrainer,3,PCA
0,0.0004457582542832616,0.0004251385340870072,0.004905097506918406,21.125604666446357,0.590191556231586,0.08437830358379084,1337,0.7022707759629924,test,KMeansTrainer,3,PCA
2,-9.399661849178575e-05,-0.00015054211950160854,0.011114449430747844,131.77110087523423,-0.004139186409010327,0.34241645434844387,365,0.7022707759629924,test,KMeansTrainer,3,PCA
0,0.00019603104774750297,0.0006170698313694287,0.008309728618359716,11.049391719262667,0.34607119758782307,0.06595675468534862,1529,,validation,KMeansTrainer,3,PCA
0,0.00034691899657045776,0.00041838094781578673,0.005333028243458521,74.27800008702833,0.1652906349023126,0.13644889285667133,973,0.3599803239161289,train,KMeansTrainer,3,PCA_scalling
1,-2.195936611401312e-05,3.6807571817318724e-06,0.014087901222614245,259.1281652575515,-0.032018870258423635,0.7019718408632094,461,0.3599803239161289,train,KMeansTrainer,3,PCA_scalling
2,0.00047302578855284067,0.0004816939141407582,0.0018236658702921605,3.8271419442207644,1.679963784966385,0.036212520133463384,504,0.3599803239161289,train,KMeansTrainer,3,PCA_scalling
0,0.0003644152438176892,0.0003786754628338481,0.00508975601983449,33.654727643728855,0.14637964387735053,0.08715326266359631,1028,0.33597398758780245,test,KMeansTrainer,3,PCA_scalling
1,-0.0001330530074992076,-0.00034519942782237846,0.012239378279350038,117.9775881189036,-0.009169102690468183,0.37517157448601246,338,0.33597398758780245,test,KMeansTrainer,3,PCA_scalling
2,0.0006905448396350195,0.0007168493371041953,0.003707471315960432,5.559227549275564,1.9053458048982255,0.06367336766149152,336,0.33597398758780245,test,KMeansTrainer,3,PCA_scalling
0,0.0005319062134710165,0.00048540821876300294,0.004719286134693637,10.147517349497717,0.2070017404175653,0.04109692127226438,743,0.18160258974219814,validation,KMeansTrainer,3,PCA_scalling
1,-0.004975558987813415,-0.00028881925941368617,0.03299430712455051,35.032165618986326,-0.056592695150851316,0.24464951917595132,162,0.18160258974219814,validation,KMeansTrainer,3,PCA_scalling
2,0.0011387271016390064,0.0010090227334101966,0.0061763905532330925,5.8969610862179955,0.6161996548012313,0.04916609503541907,624,0.18160258974219814,validation,KMeansTrainer,3,PCA_scalling
0,0.0004953885551425962,0.0004595071443046239,0.009615274041227502,79.38956150455004,0.06165722352497849,0.26595694254051644,263,0.6899731446102115,train,KMeansTrainer,4,just_filter
1,2.106464260457476e-05,0.00012119838177954378,0.013611031172603677,283.88466068260215,-0.02798008200527012,0.628568868762419,453,0.6899731446102115,train,KMeansTrainer,4,just_filter
2,0.00021485525842363746,0.00016857535937959877,0.012380153643306847,180.51379961693894,0.019194358803591632,0.5033473652657011,188,0.6899731446102115,train,KMeansTrainer,4,just_filter
3,0.0003729319648250561,0.00042950658660625437,0.0015286300427113822,9.906825450093905,0.9532102747583343,0.024475071012826723,1034,0.6899731446102115,train,KMeansTrainer,4,just_filter
0,0.00017268022509931932,0.00016705798008129265,0.008889777608067041,73.00351477154564,0.024121850647145362,0.22054551334789915,428,0.7146451367340357,test,KMeansTrainer,4,just_filter
2,-0.00023950213178830507,-0.0003506412456916747,0.012217195343991688,165.69317752395943,-0.017322013582704167,0.3830674453235996,194,0.7146451367340357,test,KMeansTrainer,4,just_filter
3,0.0004946539791218902,0.0004722091968941048,0.004111045088875732,11.99204120058297,0.7227885427781557,0.06396966076206594,1080,0.7146451367340357,test,KMeansTrainer,4,just_filter
0,-0.00036986507918365636,-0.00031670800206081074,0.007958078884549604,59.75777154325033,-0.055994351434261506,0.11490253934129248,70,0.8056303006969325,validation,KMeansTrainer,4,just_filter
3,0.00022318165013624945,0.0006618706869829427,0.008326600092908521,8.712457800359902,0.3653615255052637,0.06360843054147194,1459,0.8056303006969325,validation,KMeansTrainer,4,just_filter
0,0.0003422827247973884,0.0004131649977200995,0.004980667918259259,70.84775109590841,0.19237790996235468,0.1266839564914575,991,0.39174325713669245,train,KMeansTrainer,4,scalling
1,-2.373892573628147e-05,3.993709692070498e-06,0.014033630463061914,259.2784547644473,-0.031972560714247596,0.6956951744939089,462,0.39174325713669245,train,KMeansTrainer,4,scalling
2,0.0003763077289269351,0.00044417872859837997,0.00021883190266109548,0.651389424365927,1.8769112961807344,0.002054582559432725,433,0.39174325713669245,train,KMeansTrainer,4,scalling
3,0.0014357282712637366,0.0009218120752120635,0.02093371439145714,65.01228366012954,0.08059729278665159,0.5150056882171463,52,0.39174325713669245,train,KMeansTrainer,4,scalling
0,0.0003550520545771342,0.0003641021243946213,0.004886273141705391,33.549575593262794,0.15675628462463387,0.08277042508606222,1022,0.38347778547967315,test,KMeansTrainer,4,scalling
1,-0.00013507618738863936,-0.0003470152352683653,0.012264305906481178,118.29415491605671,-0.0093827641750558,0.37662098925072984,336,0.38347778547967315,test,KMeansTrainer,4,scalling
2,0.00044414405741471577,0.0004462193188345379,0.0002235831542813006,0.10956902433759201,2.6473814028083997,0.0012705777269900538,234,0.38347778547967315,test,KMeansTrainer,4,scalling
3,0.0012751155452447917,0.0013957433978893405,0.01316357286791329,20.738579988133157,0.10032495692381034,0.23965868831267148,110,0.38347778547967315,test,KMeansTrainer,4,scalling
0,0.0005358636141918515,0.0004973599759549789,0.004222499880510087,9.20075154953454,0.24279259915049592,0.035811918688286655,805,0.1791676432019862,validation,KMeansTrainer,4,scalling
1,-0.0050071313822777925,-0.000290392952780049,0.03316547814166067,35.14644731537755,-0.05706714761377797,0.24597793417801073,161,0.1791676432019862,validation,KMeansTrainer,4,scalling
2,0.0005494553454059966,0.0005550833607986084,0.0003528137206200425,0.1742661941589609,2.040372383321031,0.001202745752212895,134,0.1791676432019862,validation,KMeansTrainer,4,scalling
3,0.0014006582723631994,0.0012016249104211492,0.00913646534799751,8.871760497865326,0.16194109602897977,0.07518803738081827,429,0.1791676432019862,validation,KMeansTrainer,4,scalling
0,0.0004953885551425962,0.0004595071443046239,0.009615274041227502,79.38956150455004,0.06165722352497849,0.26595694254051644,263,0.6899731446101955,train,KMeansTrainer,4,PCA
1,2.106464260457476e-05,0.00012119838177954378,0.013611031172603677,283.88466068260215,-0.02798008200527012,0.628568868762419,453,0.6899731446101955,train,KMeansTrainer,4,PCA
2,0.00021485525842363746,0.00016857535937959877,0.012380153643306847,180.51379961693894,0.019194358803591632,0.5033473652657011,188,0.6899731446101955,train,KMeansTrainer,4,PCA
3,0.0003729319648250561,0.00042950658660625437,0.0015286300427113822,9.906825450093905,0.9532102747583343,0.024475071012826723,1034,0.6899731446101955,train,KMeansTrainer,4,PCA
0,0.00017268022509931932,0.00016705798008129265,0.008889777608067041,73.00351477154564,0.024121850647145362,0.22054551334789915,428,0.7146451367340396,test,KMeansTrainer,4,PCA
2,-0.00023950213178830507,-0.0003506412456916747,0.012217195343991688,165.69317752395943,-0.017322013582704167,0.3830674453235996,194,0.7146451367340396,test,KMeansTrainer,4,PCA
3,0.0004946539791218902,0.0004722091968941048,0.004111045088875732,11.99204120058297,0.7227885427781557,0.06396966076206594,1080,0.7146451367340396,test,KMeansTrainer,4,PCA
0,-0.00036986507918365636,-0.00031670800206081074,0.007958078884549604,59.75777154325033,-0.055994351434261506,0.11490253934129248,70,0.8056303006969349,validation,KMeansTrainer,4,PCA
3,0.00022318165013624945,0.0006618706869829427,0.008326600092908521,8.712457800359902,0.3653615255052637,0.06360843054147194,1459,0.8056303006969349,validation,KMeansTrainer,4,PCA
0,0.0003422827247973884,0.0004131649977200995,0.004980667918259259,70.84775109590841,0.19237790996235468,0.1266839564914575,991,0.39174325713669245,train,KMeansTrainer,4,PCA_scalling
1,-2.373892573628147e-05,3.993709692070498e-06,0.014033630463061914,259.2784547644473,-0.031972560714247596,0.6956951744939089,462,0.39174325713669245,train,KMeansTrainer,4,PCA_scalling
2,0.0003763077289269351,0.00044417872859837997,0.00021883190266109548,0.651389424365927,1.8769112961807344,0.002054582559432725,433,0.39174325713669245,train,KMeansTrainer,4,PCA_scalling
3,0.0014357282712637366,0.0009218120752120635,0.02093371439145714,65.01228366012954,0.08059729278665159,0.5150056882171463,52,0.39174325713669245,train,KMeansTrainer,4,PCA_scalling
0,0.0003550520545771342,0.0003641021243946213,0.004886273141705391,33.549575593262794,0.15675628462463387,0.08277042508606222,1022,0.38347778547967315,test,KMeansTrainer,4,PCA_scalling
1,-0.00013507618738863936,-0.0003470152352683653,0.012264305906481178,118.29415491605671,-0.0093827641750558,0.37662098925072984,336,0.38347778547967315,test,KMeansTrainer,4,PCA_scalling
2,0.00044414405741471577,0.0004462193188345379,0.0002235831542813006,0.10956902433759201,2.6473814028083997,0.0012705777269900538,234,0.38347778547967315,test,KMeansTrainer,4,PCA_scalling
3,0.0012751155452447917,0.0013957433978893405,0.01316357286791329,20.738579988133157,0.10032495692381034,0.23965868831267148,110,0.38347778547967315,test,KMeansTrainer,4,PCA_scalling
0,0.0005358636141918515,0.0004973599759549789,0.004222499880510087,9.20075154953454,0.24279259915049592,0.035811918688286655,805,0.1791676432019862,validation,KMeansTrainer,4,PCA_scalling
1,-0.0050071313822777925,-0.000290392952780049,0.03316547814166067,35.14644731537755,-0.05706714761377797,0.24597793417801073,161,0.1791676432019862,validation,KMeansTrainer,4,PCA_scalling
2,0.0005494553454059966,0.0005550833607986084,0.0003528137206200425,0.1742661941589609,2.040372383321031,0.001202745752212895,134,0.1791676432019862,validation,KMeansTrainer,4,PCA_scalling
3,0.0014006582723631994,0.0012016249104211492,0.00913646534799751,8.871760497865326,0.16194109602897977,0.07518803738081827,429,0.1791676432019862,validation,KMeansTrainer,4,PCA_scalling
0,0.0005132159774910751,0.0004844207536653585,0.0066124585077222365,41.04634975724293,0.09536524290595061,0.13456084038469607,284,0.684691943688369,train,KMeansTrainer,5,just_filter
1,1.8231127786137786e-05,0.0001162990459020732,0.013662879057665367,284.629921681437,-0.02869320364146404,0.6324883088446696,446,0.684691943688369,train,KMeansTrainer,5,just_filter
2,0.00019667716116403237,0.00018072368355253864,0.012221590624080767,190.7517249412904,0.01733137319863887,0.5139658112063273,166,0.684691943688369,train,KMeansTrainer,5,just_filter
3,0.0003751069906079878,0.0004292820489993653,0.0009972752961954824,4.7801983313521355,1.1329737245988034,0.014119626414799783,853,0.684691943688369,train,KMeansTrainer,5,just_filter
4,0.00031394085171005976,0.0003488499271588071,0.009267959767055732,102.19605233027306,0.04856444972975948,0.3013622811042084,189,0.684691943688369,train,KMeansTrainer,5,just_filter
0,0.00039626113437002316,0.00030079996385376604,0.008665464000470163,43.26302687667192,0.05497175621730291,0.1615201094228479,483,0.5861824627739316,test,KMeansTrainer,5,just_filter
2,-0.00027825279883157775,-0.0003960951364069374,0.012541181870781435,169.9481525215322,-0.019815536956205915,0.39905744858127,168,0.5861824627739316,test,KMeansTrainer,5,just_filter
3,0.00048073734618219534,0.000505504085362348,0.002617431282260248,6.878964629177763,0.9158747884338829,0.03714653636993485,832,0.5861824627739316,test,KMeansTrainer,5,just_filter
4,7.784881509870438e-05,6.456871146011178e-05,0.009793830664904002,96.67011452955899,0.010708381831216906,0.2823471016257337,219,0.5861824627739316,test,KMeansTrainer,5,just_filter
0,-3.43438069317303e-06,4.006353724255121e-05,0.01009369851429203,40.86927109315085,-0.005458980275152166,0.12622397667529867,191,0.7561547754598159,validation,KMeansTrainer,5,just_filter
3,0.00022450481219605986,0.0006994376954787214,0.00805506624905996,6.792592795187448,0.3962522618418053,0.057353586224899854,1338,0.7561547754598159,validation,KMeansTrainer,5,just_filter
0,0.0003476689570192007,0.0004201326990403098,0.004834605987460237,66.55856396130564,0.1981744990337174,0.12124467432849952,964,0.40425718723541454,train,KMeansTrainer,5,scalling
1,5.143697897788099e-06,2.46864251535455e-05,0.013292117614166847,256.967777835087,-0.028945087058563364,0.5862908949411716,478,0.40425718723541454,train,KMeansTrainer,5,scalling
2,0.00037620776268687935,0.00044410075981438964,0.00021831743532575287,0.6526753439352013,1.8790544815194332,0.0020396996263959974,432,0.40425718723541454,train,KMeansTrainer,5,scalling
3,0.0014333724385676779,0.0008788466130868363,0.021701834144082357,69.24521494359905,0.07920161994821903,0.6187542838148102,53,0.40425718723541454,train,KMeansTrainer,5,scalling
4,-0.000933467415576717,-0.0003348370744719104,0.0312712554506403,246.7683821669153,-0.034986466753279793,3.9838964017640603,11,0.40425718723541454,train,KMeansTrainer,5,scalling
0,0.00036814686642504957,0.00037622690773150293,0.004695984791448813,30.720795201943254,0.1657848966336172,0.07754389533402138,974,0.3786404525232813,test,KMeansTrainer,5,scalling
1,-7.793700369334512e-05,-0.00028321555046477827,0.011340359655279646,114.05344377388141,-0.005861291032989721,0.2920904164991578,380,0.3786404525232813,test,KMeansTrainer,5,scalling
2,0.0004440607593419784,0.00044622368874611893,0.00022132844510712265,0.10798808707775337,2.662132847310631,0.001256543471133878,232,0.3786404525232813,test,KMeansTrainer,5,scalling
3,0.0012751155452447917,0.0013957433978893405,0.01316357286791329,20.738579988133157,0.10032495692381034,0.23965868831267148,110,0.3786404525232813,test,KMeansTrainer,5,scalling
4,-0.0017622954019290502,-0.00040273700909226884,0.03872038972669146,128.787510472487,-0.053742820658472,4.103285267332773,6,0.3786404525232813,test,KMeansTrainer,5,scalling
0,0.0005404384327716185,0.000509004607538352,0.00420272772379763,9.031926304642646,0.24684118538451466,0.03574717554254945,806,0.27320811328752814,validation,KMeansTrainer,5,scalling
1,-0.0002336929105297939,-0.00035698370486204336,0.008430057535605592,40.258965587383344,-0.03189365392744409,0.10779521890764487,140,0.27320811328752814,validation,KMeansTrainer,5,scalling
2,0.0005497942846724421,0.0005562104808545574,0.000347346232587099,0.17235291997939514,2.0662554324462556,0.0011765332506993714,131,0.27320811328752814,validation,KMeansTrainer,5,scalling
3,0.0014105350821605235,0.0012004226313895102,0.00916599136493446,8.878455829986347,0.16188037607492745,0.07523334499020802,423,0.27320811328752814,validation,KMeansTrainer,5,scalling
4,-0.02661463063378664,8.887693444556134e-05,0.1453535087334533,6.909210564670699,-0.155202878912035,0.8609135514770103,29,0.27320811328752814,validation,KMeansTrainer,5,scalling
0,0.0005132159774910751,0.0004844207536653585,0.0066124585077222365,41.04634975724293,0.09536524290595061,0.13456084038469607,284,0.6846919436883542,train,KMeansTrainer,5,PCA
1,1.8231127786137786e-05,0.0001162990459020732,0.013662879057665367,284.629921681437,-0.02869320364146404,0.6324883088446696,446,0.6846919436883542,train,KMeansTrainer,5,PCA
2,0.00019667716116403237,0.00018072368355253864,0.012221590624080767,190.7517249412904,0.01733137319863887,0.5139658112063273,166,0.6846919436883542,train,KMeansTrainer,5,PCA
3,0.0003751069906079878,0.0004292820489993653,0.0009972752961954824,4.7801983313521355,1.1329737245988034,0.014119626414799783,853,0.6846919436883542,train,KMeansTrainer,5,PCA
4,0.00031394085171005976,0.0003488499271588071,0.009267959767055732,102.19605233027306,0.04856444972975948,0.3013622811042084,189,0.6846919436883542,train,KMeansTrainer,5,PCA
0,0.00039626113437002316,0.00030079996385376604,0.008665464000470163,43.26302687667192,0.05497175621730291,0.1615201094228479,483,0.5861824627739456,test,KMeansTrainer,5,PCA
2,-0.00027825279883157775,-0.0003960951364069374,0.012541181870781435,169.9481525215322,-0.019815536956205915,0.39905744858127,168,0.5861824627739456,test,KMeansTrainer,5,PCA
3,0.00048073734618219534,0.000505504085362348,0.002617431282260248,6.878964629177763,0.9158747884338829,0.03714653636993485,832,0.5861824627739456,test,KMeansTrainer,5,PCA
4,7.784881509870438e-05,6.456871146011178e-05,0.009793830664904002,96.67011452955899,0.010708381831216906,0.2823471016257337,219,0.5861824627739456,test,KMeansTrainer,5,PCA
0,-3.43438069317303e-06,4.006353724255121e-05,0.01009369851429203,40.86927109315085,-0.005458980275152166,0.12622397667529867,191,0.7561547754598236,validation,KMeansTrainer,5,PCA
3,0.00022450481219605986,0.0006994376954787214,0.00805506624905996,6.792592795187448,0.3962522618418053,0.057353586224899854,1338,0.7561547754598236,validation,KMeansTrainer,5,PCA
0,0.0003476689570192007,0.0004201326990403098,0.004834605987460237,66.55856396130564,0.1981744990337174,0.12124467432849952,964,0.40425718723541454,train,KMeansTrainer,5,PCA_scalling
1,5.143697897788099e-06,2.46864251535455e-05,0.013292117614166847,256.967777835087,-0.028945087058563364,0.5862908949411716,478,0.40425718723541454,train,KMeansTrainer,5,PCA_scalling
2,0.00037620776268687935,0.00044410075981438964,0.00021831743532575287,0.6526753439352013,1.8790544815194332,0.0020396996263959974,432,0.40425718723541454,train,KMeansTrainer,5,PCA_scalling
3,0.0014333724385676779,0.0008788466130868363,0.021701834144082357,69.24521494359905,0.07920161994821903,0.6187542838148102,53,0.40425718723541454,train,KMeansTrainer,5,PCA_scalling
4,-0.000933467415576717,-0.0003348370744719104,0.0312712554506403,246.7683821669153,-0.034986466753279793,3.9838964017640603,11,0.40425718723541454,train,KMeansTrainer,5,PCA_scalling
0,0.00036814686642504957,0.00037622690773150293,0.004695984791448813,30.720795201943254,0.1657848966336172,0.07754389533402138,974,0.3786404525232813,test,KMeansTrainer,5,PCA_scalling
1,-7.793700369334512e-05,-0.00028321555046477827,0.011340359655279646,114.05344377388141,-0.005861291032989721,0.2920904164991578,380,0.3786404525232813,test,KMeansTrainer,5,PCA_scalling
2,0.0004440607593419784,0.00044622368874611893,0.00022132844510712265,0.10798808707775337,2.662132847310631,0.001256543471133878,232,0.3786404525232813,test,KMeansTrainer,5,PCA_scalling
3,0.0012751155452447917,0.0013957433978893405,0.01316357286791329,20.738579988133157,0.10032495692381034,0.23965868831267148,110,0.3786404525232813,test,KMeansTrainer,5,PCA_scalling
4,-0.0017622954019290502,-0.00040273700909226884,0.03872038972669146,128.787510472487,-0.053742820658472,4.103285267332773,6,0.3786404525232813,test,KMeansTrainer,5,PCA_scalling
0,0.0005404384327716185,0.000509004607538352,0.00420272772379763,9.031926304642646,0.24684118538451466,0.03574717554254945,806,0.27320811328752814,validation,KMeansTrainer,5,PCA_scalling
1,-0.0002336929105297939,-0.00035698370486204336,0.008430057535605592,40.258965587383344,-0.03189365392744409,0.10779521890764487,140,0.27320811328752814,validation,KMeansTrainer,5,PCA_scalling
2,0.0005497942846724421,0.0005562104808545574,0.000347346232587099,0.17235291997939514,2.0662554324462556,0.0011765332506993714,131,0.27320811328752814,validation,KMeansTrainer,5,PCA_scalling
3,0.0014105350821605235,0.0012004226313895102,0.00916599136493446,8.878455829986347,0.16188037607492745,0.07523334499020802,423,0.27320811328752814,validation,KMeansTrainer,5,PCA_scalling
4,-0.02661463063378664,8.887693444556134e-05,0.1453535087334533,6.909210564670699,-0.155202878912035,0.8609135514770103,29,0.27320811328752814,validation,KMeansTrainer,5,PCA_scalling
0,0.0003602729667992565,0.0004169433235529554,0.0012973497861694806,12.809398243795354,0.9259751235486205,0.02040475859300755,1053,0.6177078409465888,train,GMMTrainer,2,just_filter
1,0.00021069658675198867,0.00024012870543640562,0.012696697421809143,203.58323328540177,0.020019244177601734,0.5120211194760558,885,0.6177078409465888,train,GMMTrainer,2,just_filter
0,0.00037880100522711817,0.00038667571928391873,0.0016827626933280566,12.113044132587037,0.8831616622304715,0.020917326925722405,864,0.3500086928994912,test,GMMTrainer,2,just_filter
1,0.0002796968397505832,0.0002140507458173458,0.010931959954579273,78.61063857749889,0.029264476700733184,0.26219955520869476,838,0.3500086928994912,test,GMMTrainer,2,just_filter
0,0.000599903248953617,0.0005462681383673614,0.003100518702215486,8.320748777338109,0.4860741539412879,0.023085794414457576,1004,0.21550363323377247,validation,GMMTrainer,2,just_filter
1,-0.0005763264570352371,0.0007524696404629061,0.01827172243894792,16.267596507247916,0.07833221058043503,0.14794236251768123,525,0.21550363323377247,validation,GMMTrainer,2,just_filter
0,0.0002103596927689469,0.00024353445277553213,0.012534605026963401,199.67570854915596,0.020356110157291808,0.5029963098728608,902,0.31003146442950535,train,GMMTrainer,2,scalling
1,0.0003630207243605569,0.00041687948610902607,0.001251421630131822,13.081050865789937,0.9405479004169862,0.02019520273110601,1036,0.31003146442950535,train,GMMTrainer,2,scalling
0,0.0002821576079136506,0.00021908000065740777,0.01040322270157693,74.87599352393046,0.032112934318029036,0.2454023486889646,911,0.13947685508786223,test,GMMTrainer,2,scalling
1,0.0003851130713247576,0.0003968147482393718,0.0014381207684403146,10.277313727179049,0.9586857452321332,0.017995269371761845,791,0.13947685508786223,test,GMMTrainer,2,scalling
0,-6.735385630560964e-05,0.0006808266396640721,0.013375198646851183,16.62237766476745,0.0902315770002799,0.10911015643859584,874,0.03742465905014538,validation,GMMTrainer,2,scalling
1,0.0005474789960565418,0.0005319958612174927,0.001550612885685602,3.6130715415967427,0.6874510882649417,0.008374963643611108,655,0.03742465905014538,validation,GMMTrainer,2,scalling
0,0.0003602729667992565,0.0004169433235529554,0.0012973497861694806,12.809398243795354,0.9259751235486205,0.02040475859300755,1053,0.6177078409465872,train,GMMTrainer,2,PCA
1,0.00021069658675198867,0.00024012870543640562,0.012696697421809143,203.58323328540177,0.020019244177601734,0.5120211194760558,885,0.6177078409465872,train,GMMTrainer,2,PCA
0,0.00037880100522711817,0.00038667571928391873,0.0016827626933280566,12.113044132587037,0.8831616622304715,0.020917326925722405,864,0.3500086928994943,test,GMMTrainer,2,PCA
1,0.0002796968397505832,0.0002140507458173458,0.010931959954579273,78.61063857749889,0.029264476700733184,0.26219955520869476,838,0.3500086928994943,test,GMMTrainer,2,PCA
0,0.000599903248953617,0.0005462681383673614,0.003100518702215486,8.320748777338109,0.4860741539412879,0.023085794414457576,1004,0.21550363323380833,validation,GMMTrainer,2,PCA
1,-0.0005763264570352371,0.0007524696404629061,0.01827172243894792,16.267596507247916,0.07833221058043503,0.14794236251768123,525,0.21550363323380833,validation,GMMTrainer,2,PCA
0,0.0002103596927689469,0.00024353445277553213,0.012534605026963401,199.67570854915596,0.020356110157291808,0.5029963098728608,902,0.31003146442950535,train,GMMTrainer,2,PCA_scalling
1,0.0003630207243605569,0.00041687948610902607,0.001251421630131822,13.081050865789937,0.9405479004169862,0.02019520273110601,1036,0.31003146442950535,train,GMMTrainer,2,PCA_scalling
0,0.0002821576079136506,0.00021908000065740777,0.01040322270157693,74.87599352393046,0.032112934318029036,0.2454023486889646,911,0.13947685508786223,test,GMMTrainer,2,PCA_scalling
1,0.0003851130713247576,0.0003968147482393718,0.0014381207684403146,10.277313727179049,0.9586857452321332,0.017995269371761845,791,0.13947685508786223,test,GMMTrainer,2,PCA_scalling
0,-6.735385630560964e-05,0.0006808266396640721,0.013375198646851183,16.62237766476745,0.0902315770002799,0.10911015643859584,874,0.03742465905014539,validation,GMMTrainer,2,PCA_scalling
1,0.0005474789960565418,0.0005319958612174927,0.001550612885685602,3.6130715415967427,0.6874510882649417,0.008374963643611108,655,0.03742465905014539,validation,GMMTrainer,2,PCA_scalling
0,0.000373361089738781,0.00042541893368754514,0.0009349169107223671,5.8745831561882556,1.101304973949116,0.012232826211711574,883,0.2532289211754802,train,GMMTrainer,3,just_filter
1,-0.0005464677445403556,-0.0006161517831958877,0.0021778997621808896,237.33770014556043,-4.600469710091062,0.22050596967699967,3,0.2532289211754802,train,GMMTrainer,3,just_filter
2,0.0002260413253891678,0.0002640292404144166,0.011188803433158898,178.47926595146973,0.03243151456946634,0.4402678688980741,1052,0.2532289211754802,train,GMMTrainer,3,just_filter
0,0.00039834266653696575,0.00039990734360685056,0.0013386613682710353,6.503041795941086,1.0264137753177642,0.01424093009722271,735,0.3570234008416792,test,GMMTrainer,3,just_filter
2,0.0002780642816158729,0.00022702218087405004,0.009959641471865214,74.00377408322913,0.03429284672573436,0.23508657094855395,967,0.3570234008416792,test,GMMTrainer,3,just_filter
0,0.0005488861513719081,0.0005295676325370401,0.0020312869934359075,4.7958549815185645,0.596157343183183,0.01200131280705177,780,0.23057069476616462,validation,GMMTrainer,3,just_filter
2,-0.00017142820569313258,0.0007081936165353344,0.014848025637639515,17.561753074990836,0.08563435704792875,0.12214533234232,749,0.23057069476616462,validation,GMMTrainer,3,just_filter
0,0.0002372463077687211,0.00028736607619805356,0.00858199105867982,151.27047615084493,0.05784223141654455,0.2903632958436549,1143,0.2604322178702113,train,GMMTrainer,3,scalling
1,1.6553502573220103e-05,0.0001705518298877685,0.017580861473631443,170.9740152397864,0.002797754711604588,1.1839715506578554,106,0.2604322178702113,train,GMMTrainer,3,scalling
2,0.0004251185954466147,0.0004426956530478989,0.0013496363524841616,3.8230158961741134,1.3444972477290775,0.025019840371140887,689,0.2604322178702113,train,GMMTrainer,3,scalling
0,0.00030828037224011126,0.0002934408885700666,0.0066245949556171845,56.14187136177508,0.07200483862456102,0.12696079294596094,986,0.14690794538483,test,GMMTrainer,3,scalling
1,0.0002497299938967054,0.0001143952373867171,0.01473965302055326,79.21637670945957,0.05791099000643347,0.4292442513533268,254,0.14690794538483,test,GMMTrainer,3,scalling
2,0.00042050682846040267,0.00042223645028123324,0.0007341275227571432,1.8712995921781679,1.5191972841924037,0.0077584762775927685,462,0.14690794538483,test,GMMTrainer,3,scalling
0,0.0006036406146112346,0.0005620053116573985,0.005348053488431366,11.349884176367045,0.14293956623867002,0.04488311891564178,566,-0.2029575640744714,validation,GMMTrainer,3,scalling
1,-0.00023659290355718563,0.0007028318735302501,0.01338789997014282,14.291551100455306,0.18144659775880012,0.10512986075516538,710,-0.2029575640744714,validation,GMMTrainer,3,scalling
2,0.0004982286389785574,0.0004995815634754603,0.0006844577241835964,1.278593729666412,1.2624979534069016,0.0031692943536655712,253,-0.2029575640744714,validation,GMMTrainer,3,scalling
0,0.000373361089738781,0.00042541893368754514,0.0009349169107223671,5.8745831561882556,1.101304973949116,0.012232826211711574,883,0.2532289211754787,train,GMMTrainer,3,PCA
1,-0.0005464677445403556,-0.0006161517831958877,0.0021778997621808896,237.33770014556043,-4.600469710091062,0.22050596967699967,3,0.2532289211754787,train,GMMTrainer,3,PCA
2,0.0002260413253891678,0.0002640292404144166,0.011188803433158898,178.47926595146973,0.03243151456946634,0.4402678688980741,1052,0.2532289211754787,train,GMMTrainer,3,PCA
0,0.00039834266653696575,0.00039990734360685056,0.0013386613682710353,6.503041795941086,1.0264137753177642,0.01424093009722271,735,0.3570234008416827,test,GMMTrainer,3,PCA
2,0.0002780642816158729,0.00022702218087405004,0.009959641471865214,74.00377408322913,0.03429284672573436,0.23508657094855395,967,0.3570234008416827,test,GMMTrainer,3,PCA
0,0.0005488861513719081,0.0005295676325370401,0.0020312869934359075,4.7958549815185645,0.596157343183183,0.01200131280705177,780,0.23057069476619466,validation,GMMTrainer,3,PCA
2,-0.00017142820569313258,0.0007081936165353344,0.014848025637639515,17.561753074990836,0.08563435704792875,0.12214533234232,749,0.23057069476619466,validation,GMMTrainer,3,PCA
0,0.0002372463077687211,0.00028736607619805356,0.00858199105867982,151.27047615084493,0.05784223141654455,0.2903632958436549,1143,0.2604322178702113,train,GMMTrainer,3,PCA_scalling
1,1.6553502573220103e-05,0.0001705518298877685,0.017580861473631443,170.9740152397864,0.002797754711604588,1.1839715506578554,106,0.2604322178702113,train,GMMTrainer,3,PCA_scalling
2,0.0004251185954466147,0.0004426956530478989,0.0013496363524841616,3.8230158961741134,1.3444972477290775,0.025019840371140887,689,0.2604322178702113,train,GMMTrainer,3,PCA_scalling
0,0.00030828037224011126,0.0002934408885700666,0.0066245949556171845,56.14187136177508,0.07200483862456102,0.12696079294596094,986,0.14690794538483,test,GMMTrainer,3,PCA_scalling
1,0.0002497299938967054,0.0001143952373867171,0.01473965302055326,79.21637670945957,0.05791099000643347,0.4292442513533268,254,0.14690794538483,test,GMMTrainer,3,PCA_scalling
2,0.00042050682846040267,0.00042223645028123324,0.0007341275227571432,1.8712995921781679,1.5191972841924037,0.0077584762775927685,462,0.14690794538483,test,GMMTrainer,3,PCA_scalling
0,0.0006036406146112346,0.0005620053116573985,0.005348053488431366,11.349884176367045,0.14293956623867002,0.04488311891564178,566,-0.20295756407447138,validation,GMMTrainer,3,PCA_scalling
1,-0.00023659290355718563,0.0007028318735302501,0.01338789997014282,14.291551100455306,0.18144659775880012,0.10512986075516538,710,-0.20295756407447138,validation,GMMTrainer,3,PCA_scalling
2,0.0004982286389785574,0.0004995815634754603,0.0006844577241835964,1.278593729666412,1.2624979534069016,0.0031692943536655712,253,-0.20295756407447138,validation,GMMTrainer,3,PCA_scalling
0,0.00043339558218386117,0.00043598227022231855,0.005221933812471093,42.89948806396423,0.11573197057045165,0.10489308489775079,633,0.389855421914583,train,GMMTrainer,4,just_filter
1,-0.0003743228795855764,-7.909423364521031e-05,0.022139527716537825,199.83881115857946,0.0014949970533357246,2.260527081255164,29,0.389855421914583,train,GMMTrainer,4,just_filter
2,0.00010368471863095796,0.0001637634339343976,0.012894499904256843,244.99845640670748,0.008974144093515785,0.5211328305998748,652,0.389855421914583,train,GMMTrainer,4,just_filter
3,0.00037619781530983987,0.0004344525974555084,0.00039734326680816403,1.5541069920442676,1.464128208268045,0.004637320331653756,624,0.389855421914583,train,GMMTrainer,4,just_filter
0,0.0003618965497126732,0.00030246611897427383,0.0073266273745037115,45.58948242196582,0.07335486214090729,0.1363301402873199,1021,0.15812205926265624,test,GMMTrainer,4,just_filter
1,-0.00018361089020851396,0.000225567402411849,0.010174838871884875,64.25222534398097,2.4226650844951116,0.5961963364600467,68,0.15812205926265624,test,GMMTrainer,4,just_filter
2,0.00011812903462743472,3.7680226396829796e-05,0.011909320452991163,138.7739817585158,0.009419602631270181,0.311366720631914,178,0.15812205926265624,test,GMMTrainer,4,just_filter
3,0.0004221430237725865,0.00041976729958819896,0.0007417351165149068,1.663456619001485,1.2557748928331993,0.0060645915944663245,435,0.15812205926265624,test,GMMTrainer,4,just_filter
0,0.0008042727542301015,0.0006952255717815683,0.00764625493746286,16.12924912260325,0.10778534055969158,0.0710107239918269,798,0.12021674852851319,validation,GMMTrainer,4,just_filter
1,-0.01058737911900773,0.0006757976967849558,0.06990858853718983,12.78705238832446,0.4403173172923167,0.4526800926363924,68,0.12021674852851319,validation,GMMTrainer,4,just_filter
2,0.0006489004943738316,0.00031606063783118653,0.01316462431070842,22.150110432743585,0.049323331902487756,0.12037656720914855,77,0.12021674852851319,validation,GMMTrainer,4,just_filter
3,0.0005595533381502587,0.0005433768829143118,0.0014273097694934935,2.4715035378633137,0.6986189167453557,0.007047915006896,586,0.12021674852851319,validation,GMMTrainer,4,just_filter
0,0.0003409457088149199,0.00038328247900548245,0.002613559578954236,31.457757815819104,0.15635116565162355,0.046942940842410484,534,0.23437231670382894,train,GMMTrainer,4,scalling
1,-0.00018316859600480946,6.500040394158237e-05,0.015609297872198717,157.78716653645427,0.12945013228791166,1.3414796029571203,63,0.23437231670382894,train,GMMTrainer,4,scalling
2,0.00037749868439435275,0.0004391352913105376,0.00030112886949505355,1.0557593557973435,1.5844831869579217,0.003818920236266749,560,0.23437231670382894,train,GMMTrainer,4,scalling
3,0.00023547921010937936,0.00025207630171745533,0.012874555435480467,212.96952420436176,0.017684213451131033,0.4646678115317428,781,0.23437231670382894,train,GMMTrainer,4,scalling
0,0.00033954813188766735,0.0003628468068826045,0.0024115218505240967,20.31181079442214,0.1697132871480532,0.034068864431718,549,0.050513956837730065,test,GMMTrainer,4,scalling
1,0.0001653313093847765,2.9756525199781473e-05,0.011056704894465837,63.569013705736545,1.1846591829482205,0.3486154844981695,248,0.050513956837730065,test,GMMTrainer,4,scalling
2,0.0004362900638142621,0.00043968426692729074,0.0004027721350660485,0.39716101821418015,1.505964094685035,0.002730740852826525,251,0.050513956837730065,test,GMMTrainer,4,scalling
3,0.00034365003834263785,0.00030048789025901516,0.009859029500467948,75.42109834520961,0.034572244435715875,0.2017583104680301,654,0.050513956837730065,test,GMMTrainer,4,scalling
0,0.0005106909868359929,0.0004949475834730072,0.002130760315471933,5.566746043873223,0.27239588268856724,0.01266439114579344,486,-0.14903259990170992,validation,GMMTrainer,4,scalling
1,-0.00032361234789263015,0.0007542086346364853,0.014362529151861576,15.019869487436976,0.2116072737941579,0.1121350120018079,632,-0.14903259990170992,validation,GMMTrainer,4,scalling
2,0.0005348080039962351,0.0005345015126306305,0.0004897712329702715,0.46503613713006414,1.4856965316268158,0.0018583644761695957,166,-0.14903259990170992,validation,GMMTrainer,4,scalling
3,0.0006827776637077826,0.0005615026057511498,0.010251449369400261,18.85439937390396,0.06692669729460632,0.09598027644430895,245,-0.14903259990170992,validation,GMMTrainer,4,scalling
0,0.00043339558218386117,0.00043598227022231855,0.005221933812471093,42.89948806396423,0.11573197057045165,0.10489308489775079,633,0.38985542191457734,train,GMMTrainer,4,PCA
1,-0.0003743228795855764,-7.909423364521031e-05,0.022139527716537825,199.83881115857946,0.0014949970533357246,2.260527081255164,29,0.38985542191457734,train,GMMTrainer,4,PCA
2,0.00010368471863095796,0.0001637634339343976,0.012894499904256843,244.99845640670748,0.008974144093515785,0.5211328305998748,652,0.38985542191457734,train,GMMTrainer,4,PCA
3,0.00037619781530983987,0.0004344525974555084,0.00039734326680816403,1.5541069920442676,1.464128208268045,0.004637320331653756,624,0.38985542191457734,train,GMMTrainer,4,PCA
0,0.0003618965497126732,0.00030246611897427383,0.0073266273745037115,45.58948242196582,0.07335486214090729,0.1363301402873199,1021,0.1581220592626592,test,GMMTrainer,4,PCA
1,-0.00018361089020851396,0.000225567402411849,0.010174838871884875,64.25222534398097,2.4226650844951116,0.5961963364600467,68,0.1581220592626592,test,GMMTrainer,4,PCA
2,0.00011812903462743472,3.7680226396829796e-05,0.011909320452991163,138.7739817585158,0.009419602631270181,0.311366720631914,178,0.1581220592626592,test,GMMTrainer,4,PCA
3,0.0004221430237725865,0.00041976729958819896,0.0007417351165149068,1.663456619001485,1.2557748928331993,0.0060645915944663245,435,0.1581220592626592,test,GMMTrainer,4,PCA
0,0.0008042727542301015,0.0006952255717815683,0.00764625493746286,16.12924912260325,0.10778534055969158,0.0710107239918269,798,0.12021674852854018,validation,GMMTrainer,4,PCA
1,-0.01058737911900773,0.0006757976967849558,0.06990858853718983,12.78705238832446,0.4403173172923167,0.4526800926363924,68,0.12021674852854018,validation,GMMTrainer,4,PCA
2,0.0006489004943738316,0.00031606063783118653,0.01316462431070842,22.150110432743585,0.049323331902487756,0.12037656720914855,77,0.12021674852854018,validation,GMMTrainer,4,PCA
3,0.0005595533381502587,0.0005433768829143118,0.0014273097694934935,2.4715035378633137,0.6986189167453557,0.007047915006896,586,0.12021674852854018,validation,GMMTrainer,4,PCA
0,0.0003409457088149199,0.00038328247900548245,0.002613559578954236,31.457757815819104,0.15635116565162355,0.046942940842410484,534,0.23437231670382896,train,GMMTrainer,4,PCA_scalling
1,-0.00018316859600480946,6.500040394158237e-05,0.015609297872198717,157.78716653645427,0.12945013228791166,1.3414796029571203,63,0.23437231670382896,train,GMMTrainer,4,PCA_scalling
2,0.00037749868439435275,0.0004391352913105376,0.00030112886949505355,1.0557593557973435,1.5844831869579217,0.003818920236266749,560,0.23437231670382896,train,GMMTrainer,4,PCA_scalling
3,0.00023547921010937936,0.00025207630171745533,0.012874555435480467,212.96952420436176,0.017684213451131033,0.4646678115317428,781,0.23437231670382896,train,GMMTrainer,4,PCA_scalling
0,0.00033954813188766735,0.0003628468068826045,0.0024115218505240967,20.31181079442214,0.1697132871480532,0.034068864431718,549,0.05051395683773008,test,GMMTrainer,4,PCA_scalling
1,0.0001653313093847765,2.9756525199781473e-05,0.011056704894465837,63.569013705736545,1.1846591829482205,0.3486154844981695,248,0.05051395683773008,test,GMMTrainer,4,PCA_scalling
2,0.0004362900638142621,0.00043968426692729074,0.0004027721350660485,0.39716101821418015,1.505964094685035,0.002730740852826525,251,0.05051395683773008,test,GMMTrainer,4,PCA_scalling
3,0.00034365003834263785,0.00030048789025901516,0.009859029500467948,75.42109834520961,0.034572244435715875,0.2017583104680301,654,0.05051395683773008,test,GMMTrainer,4,PCA_scalling
0,0.0005106909868359929,0.0004949475834730072,0.002130760315471933,5.566746043873223,0.27239588268856724,0.01266439114579344,486,-0.1490325999017099,validation,GMMTrainer,4,PCA_scalling
1,-0.00032361234789263015,0.0007542086346364853,0.014362529151861576,15.019869487436976,0.2116072737941579,0.1121350120018079,632,-0.1490325999017099,validation,GMMTrainer,4,PCA_scalling
2,0.0005348080039962351,0.0005345015126306305,0.0004897712329702715,0.46503613713006414,1.4856965316268158,0.0018583644761695957,166,-0.1490325999017099,validation,GMMTrainer,4,PCA_scalling
3,0.0006827776637077826,0.0005615026057511498,0.010251449369400261,18.85439937390396,0.06692669729460632,0.09598027644430895,245,-0.1490325999017099,validation,GMMTrainer,4,PCA_scalling
0,0.0005520166756818423,0.0004752593798055417,0.004781383978471469,17.27272967950411,0.19829329377632215,0.08925073440050998,269,0.3525299085803603,train,GMMTrainer,5,just_filter
1,-0.00037737607422099975,-6.594291760288473e-05,0.02168288921340468,197.20607280569143,-0.01987332948256333,2.204000588047443,30,0.3525299085803603,train,GMMTrainer,5,just_filter
2,0.00010570920266215136,0.0001612313506002191,0.013188667258983874,247.63675283227647,0.008345363294797258,0.532094013885504,636,0.3525299085803603,train,GMMTrainer,5,just_filter
3,0.00037771430063943394,0.00043767761244914834,0.00034290927351452285,1.1217357341064227,1.543609418294879,0.003925655615203838,583,0.3525299085803603,train,GMMTrainer,5,just_filter
4,0.00033624814194624576,0.00039995131269829527,0.004947854984175903,59.39515382387585,0.082838566978847,0.1042761578208129,420,0.3525299085803603,train,GMMTrainer,5,just_filter
0,0.0005191148542381615,0.0004609674791400317,0.006275854747882521,16.626867447570127,0.13632685832143795,0.1129791687739321,364,0.13345709548299037,test,GMMTrainer,5,just_filter
1,-0.00010721120705332605,0.0003454439418756911,0.010220329582095759,56.74343278903484,2.609312121647879,0.6073802645294158,65,0.13345709548299037,test,GMMTrainer,5,just_filter
2,0.00014489643138854177,3.1308666815646556e-05,0.01259264647245796,135.0590020315855,0.010679199860730805,0.3355136204646968,152,0.13345709548299037,test,GMMTrainer,5,just_filter
3,0.00042817997444752137,0.00042909872948308016,0.0006406361765244093,1.2014805624778602,1.358845221153944,0.005053792202855619,392,0.13345709548299037,test,GMMTrainer,5,just_filter
4,0.0002603705544423972,0.00020610522429904583,0.007545878206990716,62.55272110700159,0.04671670539787267,0.14295268346561554,729,0.13345709548299037,test,GMMTrainer,5,just_filter
0,0.00048722209043262015,0.0005371777292441907,0.004385988657322023,10.933106337885913,0.14368434186051654,0.04073543642844346,209,0.046073777488333884,validation,GMMTrainer,5,just_filter
1,-0.00961270750137777,0.000606945407403103,0.06340548583806167,18.299742093415944,0.38072490916724694,0.424748331800627,76,0.046073777488333884,validation,GMMTrainer,5,just_filter
2,0.0006950922042223682,0.00026983663280530075,0.015213851307186794,24.809822842789597,0.044856859447697475,0.1462082558447517,47,0.046073777488333884,validation,GMMTrainer,5,just_filter
3,0.0005704056422209564,0.0005547450565533625,0.0012983664931766564,1.972361513042005,0.7660251399766451,0.005950251661928835,516,0.046073777488333884,validation,GMMTrainer,5,just_filter
4,0.0008832146552507491,0.000713907496131866,0.008201289842117593,16.203994274146936,0.10690234353044352,0.0735846998549884,681,0.046073777488333884,validation,GMMTrainer,5,just_filter
0,0.0003413273426276967,0.00038456653098132144,0.002614111090552344,31.586635307850834,0.15663236321630866,0.04713503045036423,533,0.22914503736312217,train,GMMTrainer,5,scalling
1,0.00016477129426608548,0.0002820046143565007,0.00254125684690187,42.80382984088776,0.370882612215818,0.06291750980351182,33,0.22914503736312217,train,GMMTrainer,5,scalling
2,0.00037689805050180274,0.0004387239316718715,0.0002983189589259083,1.0407994878716853,1.5901607549994965,0.0036910838372952504,556,0.22914503736312217,train,GMMTrainer,5,scalling
3,0.00025128575120970736,0.00028359311169653316,0.012195298692210229,212.06393137484537,0.019521370199086455,0.42343024250308053,687,0.22914503736312217,train,GMMTrainer,5,scalling
4,-2.8834419971220346e-05,-1.1502814103927694e-05,0.020011382272978006,225.9275149975802,-0.0038441915506359243,1.1974948315351455,129,0.22914503736312217,train,GMMTrainer,5,scalling
0,0.00034125184465651925,0.0003641297170533097,0.002345835201185361,19.342651567675915,0.17165401748620507,0.03252164723300686,526,0.05093423945467294,test,GMMTrainer,5,scalling
1,0.0005552501842417992,0.0006176747115817417,0.003433092349593377,16.265444176200916,2.0794808694726004,0.045707811143433794,170,0.05093423945467294,test,GMMTrainer,5,scalling
2,0.0004349804515927609,0.0004393656401746416,0.00040718953198167363,0.4059032969915814,1.409590654396521,0.002789693974976403,230,0.05093423945467294,test,GMMTrainer,5,scalling
3,0.0004020710446818365,0.0003576247078947799,0.009626874638390698,66.87419935108223,0.040881281343438707,0.1908295404695257,543,0.05093423945467294,test,GMMTrainer,5,scalling
4,-0.00013129211378449921,-0.00033613261506321255,0.014919776277753495,115.8625623090209,-0.011291157280820446,0.46633911287797425,233,0.05093423945467294,test,GMMTrainer,5,scalling
0,0.0004966033488266242,0.00047864912045374875,0.002118978056563952,5.643315067494054,0.26354150824020095,0.012737723207493924,428,-0.179974959968691,validation,GMMTrainer,5,scalling
1,8.234745602571508e-05,0.000826653166055048,0.009886245855121482,11.588692215332843,0.3196201338883996,0.0668701336118577,640,-0.179974959968691,validation,GMMTrainer,5,scalling
2,0.0005244472999063881,0.0005303522165123545,0.0004389263828664967,0.3719636423727287,1.5340897285046657,0.0015980509602559808,128,-0.179974959968691,validation,GMMTrainer,5,scalling
3,0.0007956217781280625,0.0006316139878219068,0.009767035404969664,17.234677857994864,0.07881227577485901,0.09038397121224044,211,-0.179974959968691,validation,GMMTrainer,5,scalling
4,-0.0016436277272242597,6.905153434768707e-05,0.02749531192237192,27.69089916222555,-0.009857914267973807,0.27314490508857553,122,-0.179974959968691,validation,GMMTrainer,5,scalling
0,0.0005520166756818423,0.0004752593798055417,0.004781383978471469,17.27272967950411,0.19829329377632215,0.08925073440050998,269,0.35252990858035405,train,GMMTrainer,5,PCA
1,-0.00037737607422099975,-6.594291760288473e-05,0.02168288921340468,197.20607280569143,-0.01987332948256333,2.204000588047443,30,0.35252990858035405,train,GMMTrainer,5,PCA
2,0.00010570920266215136,0.0001612313506002191,0.013188667258983874,247.63675283227647,0.008345363294797258,0.532094013885504,636,0.35252990858035405,train,GMMTrainer,5,PCA
3,0.00037771430063943394,0.00043767761244914834,0.00034290927351452285,1.1217357341064227,1.543609418294879,0.003925655615203838,583,0.35252990858035405,train,GMMTrainer,5,PCA
4,0.00033624814194624576,0.00039995131269829527,0.004947854984175903,59.39515382387585,0.082838566978847,0.1042761578208129,420,0.35252990858035405,train,GMMTrainer,5,PCA
0,0.0005191148542381615,0.0004609674791400317,0.006275854747882521,16.626867447570127,0.13632685832143795,0.1129791687739321,364,0.133457095483006,test,GMMTrainer,5,PCA
1,-0.00010721120705332605,0.0003454439418756911,0.010220329582095759,56.74343278903484,2.609312121647879,0.6073802645294158,65,0.133457095483006,test,GMMTrainer,5,PCA
2,0.00014489643138854177,3.1308666815646556e-05,0.01259264647245796,135.0590020315855,0.010679199860730805,0.3355136204646968,152,0.133457095483006,test,GMMTrainer,5,PCA
3,0.00042817997444752137,0.00042909872948308016,0.0006406361765244093,1.2014805624778602,1.358845221153944,0.005053792202855619,392,0.133457095483006,test,GMMTrainer,5,PCA
4,0.0002603705544423972,0.00020610522429904583,0.007545878206990716,62.55272110700159,0.04671670539787267,0.14295268346561554,729,0.133457095483006,test,GMMTrainer,5,PCA
0,0.00048722209043262015,0.0005371777292441907,0.004385988657322023,10.933106337885913,0.14368434186051654,0.04073543642844346,209,0.04607377748839135,validation,GMMTrainer,5,PCA
1,-0.00961270750137777,0.000606945407403103,0.06340548583806167,18.299742093415944,0.38072490916724694,0.424748331800627,76,0.04607377748839135,validation,GMMTrainer,5,PCA
2,0.0006950922042223682,0.00026983663280530075,0.015213851307186794,24.809822842789597,0.044856859447697475,0.1462082558447517,47,0.04607377748839135,validation,GMMTrainer,5,PCA
3,0.0005704056422209564,0.0005547450565533625,0.0012983664931766564,1.972361513042005,0.7660251399766451,0.005950251661928835,516,0.04607377748839135,validation,GMMTrainer,5,PCA
4,0.0008832146552507491,0.000713907496131866,0.008201289842117593,16.203994274146936,0.10690234353044352,0.0735846998549884,681,0.04607377748839135,validation,GMMTrainer,5,PCA
0,0.0003413273426276967,0.00038456653098132144,0.002614111090552344,31.586635307850834,0.15663236321630866,0.04713503045036423,533,0.22914503736312217,train,GMMTrainer,5,PCA_scalling
1,0.00016477129426608548,0.0002820046143565007,0.00254125684690187,42.80382984088776,0.370882612215818,0.06291750980351182,33,0.22914503736312217,train,GMMTrainer,5,PCA_scalling
2,0.00037689805050180274,0.0004387239316718715,0.0002983189589259083,1.0407994878716853,1.5901607549994965,0.0036910838372952504,556,0.22914503736312217,train,GMMTrainer,5,PCA_scalling
3,0.00025128575120970736,0.00028359311169653316,0.012195298692210229,212.06393137484537,0.019521370199086455,0.42343024250308053,687,0.22914503736312217,train,GMMTrainer,5,PCA_scalling
4,-2.8834419971220346e-05,-1.1502814103927694e-05,0.020011382272978006,225.9275149975802,-0.0038441915506359243,1.1974948315351455,129,0.22914503736312217,train,GMMTrainer,5,PCA_scalling
0,0.00034125184465651925,0.0003641297170533097,0.002345835201185361,19.342651567675915,0.17165401748620507,0.03252164723300686,526,0.05093423945467295,test,GMMTrainer,5,PCA_scalling
1,0.0005552501842417992,0.0006176747115817417,0.003433092349593377,16.265444176200916,2.0794808694726004,0.045707811143433794,170,0.05093423945467295,test,GMMTrainer,5,PCA_scalling
2,0.0004349804515927609,0.0004393656401746416,0.00040718953198167363,0.4059032969915814,1.409590654396521,0.002789693974976403,230,0.05093423945467295,test,GMMTrainer,5,PCA_scalling
3,0.0004020710446818365,0.0003576247078947799,0.009626874638390698,66.87419935108223,0.040881281343438707,0.1908295404695257,543,0.05093423945467295,test,GMMTrainer,5,PCA_scalling
4,-0.00013129211378449921,-0.00033613261506321255,0.014919776277753495,115.8625623090209,-0.011291157280820446,0.46633911287797425,233,0.05093423945467295,test,GMMTrainer,5,PCA_scalling
0,0.0004966033488266242,0.00047864912045374875,0.002118978056563952,5.643315067494054,0.26354150824020095,0.012737723207493924,428,-0.17997495996869098,validation,GMMTrainer,5,PCA_scalling
1,8.234745602571508e-05,0.000826653166055048,0.009886245855121482,11.588692215332843,0.3196201338883996,0.0668701336118577,640,-0.17997495996869098,validation,GMMTrainer,5,PCA_scalling
2,0.0005244472999063881,0.0005303522165123545,0.0004389263828664967,0.3719636423727287,1.5340897285046657,0.0015980509602559808,128,-0.17997495996869098,validation,GMMTrainer,5,PCA_scalling
3,0.0007956217781280625,0.0006316139878219068,0.009767035404969664,17.234677857994864,0.07881227577485901,0.09038397121224044,211,-0.17997495996869098,validation,GMMTrainer,5,PCA_scalling
4,-0.0016436277272242597,6.905153434768707e-05,0.02749531192237192,27.69089916222555,-0.009857914267973807,0.27314490508857553,122,-0.17997495996869098,validation,GMMTrainer,5,PCA_scalling
